{"model":{"version":3,"nodes":[{"name":"RootNode","position":[0,0,0],"rotation":[0,0,0],"scale":[0.0254,0.0254,0.0254],"scaleCompensation":false},{"name":"Cylinder013","position":[0,0,0],"rotation":[180,90,0],"scale":[1,1,1],"scaleCompensation":false},{"name":"Cylinder018","position":[1.69195e-13,-2.27374e-13,25.6346],"rotation":[0,-3.78166e-13,0],"scale":[1,1,1],"scaleCompensation":false}],"parents":[-1,0,1],"skins":[],"morphs":[],"vertices":[{"position":{"type":"float32","components":3,"data":[1.11018,2.55963e-06,53.8412,2.20825,2.55963e-06,0,0.785014,0.785018,53.8412,1.56147,1.56147,0,-7.85975e-07,2.20825,0,-9.62041e-07,1.11018,53.8412,-0.785016,0.785018,53.8412,-1.56147,1.56147,0,-2.20825,2.36738e-06,0,-1.11018,2.46258e-06,53.8412,-0.785016,-0.785013,53.8412,-1.56147,-1.56147,0,-6.61939e-07,-2.20825,0,-9.00275e-07,-1.11018,53.8412,0.785014,-0.785013,53.8412,1.56147,-1.56147,0,0.554379,0.554382,54.4587,0.78401,2.55963e-06,54.4587,-9.47784e-07,0.784014,54.4587,-0.554381,0.554382,54.4587,-0.784012,2.49109e-06,54.4587,-0.55438,-0.554377,54.4587,-9.04164e-07,-0.784009,54.4587,0.554379,-0.554377,54.4587,-9.12817e-07,2.53477e-06,54.7415]},"normal":{"type":"float32","components":3,"data":[0.971308,3.87709e-08,0.237826,0.999792,4.12757e-08,0.0203904,0.686818,0.686818,0.237826,0.70696,0.70696,0.0203904,2.06379e-08,0.999792,0.0203904,5.37254e-07,0.971308,0.237826,-0.686817,0.686818,0.237829,-0.70696,0.70696,0.0203904,-0.999792,-1.23827e-07,0.0203904,-0.971307,-7.20032e-08,0.237829,-0.686817,-0.686818,0.237829,-0.70696,-0.70696,0.0203904,-2.06379e-08,-0.999792,0.0203904,5.37254e-07,-0.971308,0.237826,0.686818,-0.686818,0.237826,0.70696,-0.70696,0.0203904,0.496934,0.496934,0.711417,0.675985,3.46958e-08,0.736916,8.50048e-07,0.675984,0.736916,-0.496932,0.496933,0.711418,-0.675983,-4.6261e-08,0.736917,-0.496932,-0.496933,0.711418,8.61613e-07,-0.675984,0.736916,0.496934,-0.496934,0.711417,0,-2.17682e-08,1]},"texCoord0":{"type":"float32","components":2,"data":[0.75,1,0.75,1,0.875,1,0.875,1,0.78033,1,0.78033,1,0.521447,1,0.521447,1,0.25,1,0.25,1,0.125,1,0.125,1,0.21967,1,0.21967,1,0.625,1,0.625,1,0.875,1,0.75,1,0.78033,1,0.521447,1,0.25,1,0.125,1,0.21967,1,0.625,1,0.518306,1]}}],"meshes":[{"aabb":{"min":[-2.20825,-2.20825,0],"max":[2.20825,2.20825,54.7415]},"vertices":0,"indices":[0,1,2,1,3,2,2,4,5,4,2,3,5,4,6,4,7,6,6,8,9,8,6,7,9,8,10,8,11,10,10,12,13,12,10,11,13,12,14,12,15,14,14,1,0,1,14,15,16,17,0,0,2,16,16,5,18,5,16,2,19,18,5,5,6,19,19,9,20,9,19,6,21,20,9,9,10,21,21,13,22,13,21,10,23,22,13,13,14,23,23,0,17,0,23,14,18,24,16,16,24,17,18,19,24,19,20,24,24,20,21,24,21,22,24,23,17,23,24,22],"type":"triangles","base":0,"count":120}],"meshInstances":[{"node":2,"mesh":0}]}}