{"model":{"version":3,"nodes":[{"name":"RootNode","position":[0,0,0],"rotation":[0,0,0],"scale":[0.0254,0.0254,0.0254],"scaleCompensation":false},{"name":"Cylinder010","position":[0,0,0],"rotation":[-90,-3.50835e-15,90],"scale":[0.637148,0.637148,0.637148],"scaleCompensation":false},{"name":"Cylinder012","position":[4.76837e-07,-1.14441e-05,36.2183],"rotation":[0,1.89138e-13,0],"scale":[0.538113,0.538113,0.538113],"scaleCompensation":false}],"parents":[-1,0,1],"skins":[],"morphs":[],"vertices":[{"position":{"type":"float32","components":3,"data":[4.5524,0,145.389,3.21903,3.21903,0,3.21903,3.21903,145.389,4.5524,0,0,-1.98992e-07,4.5524,145.389,-1.98992e-07,4.5524,0,-3.21903,3.21903,0,-3.21903,3.21903,145.389,-4.5524,-3.97984e-07,145.389,-4.5524,-3.97984e-07,0,-3.21903,-3.21903,0,-3.21903,-3.21903,145.389,5.42868e-08,-4.5524,145.389,5.42868e-08,-4.5524,0,3.21903,-3.21903,0,3.21903,-3.21903,145.389,2.36602,2.36602,147.805,3.34605,0,147.805,-1.49012e-07,3.34605,147.805,-2.36602,2.36602,147.805,-3.34605,-2.92521e-07,147.805,-2.36602,-2.36602,147.805,4.47035e-08,-3.34605,147.805,2.36602,-2.36602,147.805,-1.49012e-08,-1.19209e-07,149.187]},"normal":{"type":"float32","components":3,"data":[0.975969,-1.10811e-08,0.21791,0.707107,0.707107,-5.66738e-09,0.690114,0.690114,0.21791,1,-2.0536e-08,-5.66738e-09,-1.10811e-08,0.975969,0.21791,0,1,-5.66738e-09,-0.707107,0.707107,-5.73106e-09,-0.690114,0.690114,0.21791,-0.975969,-7.20272e-08,0.21791,-1,-8.21438e-08,-5.66738e-09,-0.707107,-0.707107,-5.54002e-09,-0.690114,-0.690114,0.21791,-1.66217e-08,-0.975969,0.21791,0,-1,-5.6037e-09,0.707107,-0.707107,-5.66738e-09,0.690114,-0.690114,0.21791,0.512251,0.512251,0.689346,0.695441,-5.79506e-09,0.718583,-1.15901e-08,0.695441,0.718583,-0.512251,0.512251,0.689346,-0.695441,-4.63605e-08,0.718583,-0.512251,-0.512251,0.689346,-2.31802e-08,-0.695441,0.718583,0.512251,-0.512251,0.689346,5.65821e-09,-5.65821e-09,1]},"texCoord0":{"type":"float32","components":2,"data":[0.0452763,1,0.979115,1.08214,0.0452763,1.08214,0.979115,1,0.0452763,1.11616,0.979115,1.11616,0.979115,1.08214,0.0452763,1.08214,0.0452763,1,0.979115,1,0.979115,0.91786,0.0452763,0.91786,0.0452763,0.883836,0.979115,0.883836,0.979115,0.917859,0.0452763,0.91786,0.0297598,1.06037,0.0297598,1,0.0297598,1.08538,0.0297598,1.06037,0.0297598,1,0.0297598,0.939626,0.0297598,0.914618,0.0297598,0.939626,0.0208855,1]}}],"meshes":[{"aabb":{"min":[-4.5524,-4.5524,0],"max":[4.5524,4.5524,149.187]},"vertices":0,"indices":[0,1,2,1,0,3,2,1,4,4,1,5,4,6,7,6,4,5,7,6,8,8,6,9,8,10,11,10,8,9,11,10,12,12,10,13,12,14,15,14,12,13,15,14,0,0,14,3,16,17,0,0,2,16,16,4,18,4,16,2,19,18,4,4,7,19,19,8,20,8,19,7,21,20,8,8,11,21,21,12,22,12,21,11,23,22,12,12,15,23,23,0,17,0,23,15,18,24,16,16,24,17,18,19,24,19,20,24,24,20,21,24,21,22,24,23,17,23,24,22],"type":"triangles","base":0,"count":120}],"meshInstances":[{"node":2,"mesh":0}]}}